variable,experiment,ensemble,model,year,value,zstore
tas,1pctCO2,r1i1p1f1,ICON-ESM-LR,1850,-1.4330240796559224,gs://cmip6/CMIP6/CMIP/MPI-M/ICON-ESM-LR/1pctCO2/r1i1p1f1/Amon/tas/gn/v20210215/
tas,1pctCO2,r1i1p1f1,ICON-ESM-LR,1851,-1.1361798753475227,gs://cmip6/CMIP6/CMIP/MPI-M/ICON-ESM-LR/1pctCO2/r1i1p1f1/Amon/tas/gn/v20210215/
tas,1pctCO2,r1i1p1f1,ICON-ESM-LR,1852,-1.0355010809147416,gs://cmip6/CMIP6/CMIP/MPI-M/ICON-ESM-LR/1pctCO2/r1i1p1f1/Amon/tas/gn/v20210215/
tas,1pctCO2,r1i1p1f1,ICON-ESM-LR,1853,-1.186885582689058,gs://cmip6/CMIP6/CMIP/MPI-M/ICON-ESM-LR/1pctCO2/r1i1p1f1/Amon/tas/gn/v20210215/
tas,1pctCO2,r1i1p1f1,ICON-ESM-LR,1854,-1.0327578248829354,gs://cmip6/CMIP6/CMIP/MPI-M/ICON-ESM-LR/1pctCO2/r1i1p1f1/Amon/tas/gn/v20210215/
tas,1pctCO2,r1i1p1f1,ICON-ESM-LR,1855,-1.0771964270938383,gs://cmip6/CMIP6/CMIP/MPI-M/ICON-ESM-LR/1pctCO2/r1i1p1f1/Amon/tas/gn/v20210215/
tas,1pctCO2,r1i1p1f1,ICON-ESM-LR,1856,-1.1285638706291934,gs://cmip6/CMIP6/CMIP/MPI-M/ICON-ESM-LR/1pctCO2/r1i1p1f1/Amon/tas/gn/v20210215/
tas,1pctCO2,r1i1p1f1,ICON-ESM-LR,1857,-1.1724303238155471,gs://cmip6/CMIP6/CMIP/MPI-M/ICON-ESM-LR/1pctCO2/r1i1p1f1/Amon/tas/gn/v20210215/
tas,1pctCO2,r1i1p1f1,ICON-ESM-LR,1858,-0.9142942599084449,gs://cmip6/CMIP6/CMIP/MPI-M/ICON-ESM-LR/1pctCO2/r1i1p1f1/Amon/tas/gn/v20210215/
tas,1pctCO2,r1i1p1f1,ICON-ESM-LR,1859,-0.7692324836106081,gs://cmip6/CMIP6/CMIP/MPI-M/ICON-ESM-LR/1pctCO2/r1i1p1f1/Amon/tas/gn/v20210215/
tas,1pctCO2,r1i1p1f1,ICON-ESM-LR,1860,-0.7142153852301476,gs://cmip6/CMIP6/CMIP/MPI-M/ICON-ESM-LR/1pctCO2/r1i1p1f1/Amon/tas/gn/v20210215/
tas,1pctCO2,r1i1p1f1,ICON-ESM-LR,1861,-0.7712585151661528,gs://cmip6/CMIP6/CMIP/MPI-M/ICON-ESM-LR/1pctCO2/r1i1p1f1/Amon/tas/gn/v20210215/
tas,1pctCO2,r1i1p1f1,ICON-ESM-LR,1862,-0.8159105632466321,gs://cmip6/CMIP6/CMIP/MPI-M/ICON-ESM-LR/1pctCO2/r1i1p1f1/Amon/tas/gn/v20210215/
tas,1pctCO2,r1i1p1f1,ICON-ESM-LR,1863,-0.7411964747893194,gs://cmip6/CMIP6/CMIP/MPI-M/ICON-ESM-LR/1pctCO2/r1i1p1f1/Amon/tas/gn/v20210215/
tas,1pctCO2,r1i1p1f1,ICON-ESM-LR,1864,-0.8997113705630113,gs://cmip6/CMIP6/CMIP/MPI-M/ICON-ESM-LR/1pctCO2/r1i1p1f1/Amon/tas/gn/v20210215/
tas,1pctCO2,r1i1p1f1,ICON-ESM-LR,1865,-0.7874948665016177,gs://cmip6/CMIP6/CMIP/MPI-M/ICON-ESM-LR/1pctCO2/r1i1p1f1/Amon/tas/gn/v20210215/
tas,1pctCO2,r1i1p1f1,ICON-ESM-LR,1866,-0.7291376922873383,gs://cmip6/CMIP6/CMIP/MPI-M/ICON-ESM-LR/1pctCO2/r1i1p1f1/Amon/tas/gn/v20210215/
tas,1pctCO2,r1i1p1f1,ICON-ESM-LR,1867,-0.6619466959330111,gs://cmip6/CMIP6/CMIP/MPI-M/ICON-ESM-LR/1pctCO2/r1i1p1f1/Amon/tas/gn/v20210215/
tas,1pctCO2,r1i1p1f1,ICON-ESM-LR,1868,-0.6363400578015899,gs://cmip6/CMIP6/CMIP/MPI-M/ICON-ESM-LR/1pctCO2/r1i1p1f1/Amon/tas/gn/v20210215/
tas,1pctCO2,r1i1p1f1,ICON-ESM-LR,1869,-0.5049181869616746,gs://cmip6/CMIP6/CMIP/MPI-M/ICON-ESM-LR/1pctCO2/r1i1p1f1/Amon/tas/gn/v20210215/
tas,1pctCO2,r1i1p1f1,ICON-ESM-LR,1870,-0.6899880106140017,gs://cmip6/CMIP6/CMIP/MPI-M/ICON-ESM-LR/1pctCO2/r1i1p1f1/Amon/tas/gn/v20210215/
tas,1pctCO2,r1i1p1f1,ICON-ESM-LR,1871,-0.7131635888056849,gs://cmip6/CMIP6/CMIP/MPI-M/ICON-ESM-LR/1pctCO2/r1i1p1f1/Amon/tas/gn/v20210215/
tas,1pctCO2,r1i1p1f1,ICON-ESM-LR,1872,-0.44737018345102797,gs://cmip6/CMIP6/CMIP/MPI-M/ICON-ESM-LR/1pctCO2/r1i1p1f1/Amon/tas/gn/v20210215/
tas,1pctCO2,r1i1p1f1,ICON-ESM-LR,1873,-0.45000347758872294,gs://cmip6/CMIP6/CMIP/MPI-M/ICON-ESM-LR/1pctCO2/r1i1p1f1/Amon/tas/gn/v20210215/
tas,1pctCO2,r1i1p1f1,ICON-ESM-LR,1874,-0.5736609979111904,gs://cmip6/CMIP6/CMIP/MPI-M/ICON-ESM-LR/1pctCO2/r1i1p1f1/Amon/tas/gn/v20210215/
tas,1pctCO2,r1i1p1f1,ICON-ESM-LR,1875,-0.46868316401594257,gs://cmip6/CMIP6/CMIP/MPI-M/ICON-ESM-LR/1pctCO2/r1i1p1f1/Amon/tas/gn/v20210215/
tas,1pctCO2,r1i1p1f1,ICON-ESM-LR,1876,-0.49312101741128345,gs://cmip6/CMIP6/CMIP/MPI-M/ICON-ESM-LR/1pctCO2/r1i1p1f1/Amon/tas/gn/v20210215/
tas,1pctCO2,r1i1p1f1,ICON-ESM-LR,1877,-0.633978813782619,gs://cmip6/CMIP6/CMIP/MPI-M/ICON-ESM-LR/1pctCO2/r1i1p1f1/Amon/tas/gn/v20210215/
tas,1pctCO2,r1i1p1f1,ICON-ESM-LR,1878,-0.5825610629447624,gs://cmip6/CMIP6/CMIP/MPI-M/ICON-ESM-LR/1pctCO2/r1i1p1f1/Amon/tas/gn/v20210215/
tas,1pctCO2,r1i1p1f1,ICON-ESM-LR,1879,-0.45099188580741156,gs://cmip6/CMIP6/CMIP/MPI-M/ICON-ESM-LR/1pctCO2/r1i1p1f1/Amon/tas/gn/v20210215/
tas,1pctCO2,r1i1p1f1,ICON-ESM-LR,1880,-0.3674848939519393,gs://cmip6/CMIP6/CMIP/MPI-M/ICON-ESM-LR/1pctCO2/r1i1p1f1/Amon/tas/gn/v20210215/
tas,1pctCO2,r1i1p1f1,ICON-ESM-LR,1881,-0.28823785105504385,gs://cmip6/CMIP6/CMIP/MPI-M/ICON-ESM-LR/1pctCO2/r1i1p1f1/Amon/tas/gn/v20210215/
tas,1pctCO2,r1i1p1f1,ICON-ESM-LR,1882,-0.17376745751067801,gs://cmip6/CMIP6/CMIP/MPI-M/ICON-ESM-LR/1pctCO2/r1i1p1f1/Amon/tas/gn/v20210215/
tas,1pctCO2,r1i1p1f1,ICON-ESM-LR,1883,-0.14471492285900922,gs://cmip6/CMIP6/CMIP/MPI-M/ICON-ESM-LR/1pctCO2/r1i1p1f1/Amon/tas/gn/v20210215/
tas,1pctCO2,r1i1p1f1,ICON-ESM-LR,1884,-0.3498441315977061,gs://cmip6/CMIP6/CMIP/MPI-M/ICON-ESM-LR/1pctCO2/r1i1p1f1/Amon/tas/gn/v20210215/
tas,1pctCO2,r1i1p1f1,ICON-ESM-LR,1885,-0.30601558361655634,gs://cmip6/CMIP6/CMIP/MPI-M/ICON-ESM-LR/1pctCO2/r1i1p1f1/Amon/tas/gn/v20210215/
tas,1pctCO2,r1i1p1f1,ICON-ESM-LR,1886,-0.24330159304093968,gs://cmip6/CMIP6/CMIP/MPI-M/ICON-ESM-LR/1pctCO2/r1i1p1f1/Amon/tas/gn/v20210215/
tas,1pctCO2,r1i1p1f1,ICON-ESM-LR,1887,-0.11876421318805797,gs://cmip6/CMIP6/CMIP/MPI-M/ICON-ESM-LR/1pctCO2/r1i1p1f1/Amon/tas/gn/v20210215/
tas,1pctCO2,r1i1p1f1,ICON-ESM-LR,1888,-0.15312450620086793,gs://cmip6/CMIP6/CMIP/MPI-M/ICON-ESM-LR/1pctCO2/r1i1p1f1/Amon/tas/gn/v20210215/
tas,1pctCO2,r1i1p1f1,ICON-ESM-LR,1889,-0.18062073071956775,gs://cmip6/CMIP6/CMIP/MPI-M/ICON-ESM-LR/1pctCO2/r1i1p1f1/Amon/tas/gn/v20210215/
tas,1pctCO2,r1i1p1f1,ICON-ESM-LR,1890,-0.0991981715253587,gs://cmip6/CMIP6/CMIP/MPI-M/ICON-ESM-LR/1pctCO2/r1i1p1f1/Amon/tas/gn/v20210215/
tas,1pctCO2,r1i1p1f1,ICON-ESM-LR,1891,-0.28612786700529114,gs://cmip6/CMIP6/CMIP/MPI-M/ICON-ESM-LR/1pctCO2/r1i1p1f1/Amon/tas/gn/v20210215/
tas,1pctCO2,r1i1p1f1,ICON-ESM-LR,1892,-0.2649356750189895,gs://cmip6/CMIP6/CMIP/MPI-M/ICON-ESM-LR/1pctCO2/r1i1p1f1/Amon/tas/gn/v20210215/
tas,1pctCO2,r1i1p1f1,ICON-ESM-LR,1893,-0.07449597200053404,gs://cmip6/CMIP6/CMIP/MPI-M/ICON-ESM-LR/1pctCO2/r1i1p1f1/Amon/tas/gn/v20210215/
tas,1pctCO2,r1i1p1f1,ICON-ESM-LR,1894,-0.07889461362685779,gs://cmip6/CMIP6/CMIP/MPI-M/ICON-ESM-LR/1pctCO2/r1i1p1f1/Amon/tas/gn/v20210215/
tas,1pctCO2,r1i1p1f1,ICON-ESM-LR,1895,-0.15931119551345319,gs://cmip6/CMIP6/CMIP/MPI-M/ICON-ESM-LR/1pctCO2/r1i1p1f1/Amon/tas/gn/v20210215/
tas,1pctCO2,r1i1p1f1,ICON-ESM-LR,1896,0.12924478714495535,gs://cmip6/CMIP6/CMIP/MPI-M/ICON-ESM-LR/1pctCO2/r1i1p1f1/Amon/tas/gn/v20210215/
tas,1pctCO2,r1i1p1f1,ICON-ESM-LR,1897,0.05299676314837143,gs://cmip6/CMIP6/CMIP/MPI-M/ICON-ESM-LR/1pctCO2/r1i1p1f1/Amon/tas/gn/v20210215/
tas,1pctCO2,r1i1p1f1,ICON-ESM-LR,1898,0.05456105477702522,gs://cmip6/CMIP6/CMIP/MPI-M/ICON-ESM-LR/1pctCO2/r1i1p1f1/Amon/tas/gn/v20210215/
tas,1pctCO2,r1i1p1f1,ICON-ESM-LR,1899,0.19800902859861935,gs://cmip6/CMIP6/CMIP/MPI-M/ICON-ESM-LR/1pctCO2/r1i1p1f1/Amon/tas/gn/v20210215/
tas,1pctCO2,r1i1p1f1,ICON-ESM-LR,1900,0.12251223812603484,gs://cmip6/CMIP6/CMIP/MPI-M/ICON-ESM-LR/1pctCO2/r1i1p1f1/Amon/tas/gn/v20210215/
tas,1pctCO2,r1i1p1f1,ICON-ESM-LR,1901,0.07682646187316777,gs://cmip6/CMIP6/CMIP/MPI-M/ICON-ESM-LR/1pctCO2/r1i1p1f1/Amon/tas/gn/v20210215/
tas,1pctCO2,r1i1p1f1,ICON-ESM-LR,1902,0.22126309193902216,gs://cmip6/CMIP6/CMIP/MPI-M/ICON-ESM-LR/1pctCO2/r1i1p1f1/Amon/tas/gn/v20210215/
tas,1pctCO2,r1i1p1f1,ICON-ESM-LR,1903,0.17342176318578595,gs://cmip6/CMIP6/CMIP/MPI-M/ICON-ESM-LR/1pctCO2/r1i1p1f1/Amon/tas/gn/v20210215/
tas,1pctCO2,r1i1p1f1,ICON-ESM-LR,1904,0.45319253648239055,gs://cmip6/CMIP6/CMIP/MPI-M/ICON-ESM-LR/1pctCO2/r1i1p1f1/Amon/tas/gn/v20210215/
tas,1pctCO2,r1i1p1f1,ICON-ESM-LR,1905,0.4017349125240912,gs://cmip6/CMIP6/CMIP/MPI-M/ICON-ESM-LR/1pctCO2/r1i1p1f1/Amon/tas/gn/v20210215/
tas,1pctCO2,r1i1p1f1,ICON-ESM-LR,1906,0.5978452819787776,gs://cmip6/CMIP6/CMIP/MPI-M/ICON-ESM-LR/1pctCO2/r1i1p1f1/Amon/tas/gn/v20210215/
tas,1pctCO2,r1i1p1f1,ICON-ESM-LR,1907,0.5520444555895097,gs://cmip6/CMIP6/CMIP/MPI-M/ICON-ESM-LR/1pctCO2/r1i1p1f1/Amon/tas/gn/v20210215/
tas,1pctCO2,r1i1p1f1,ICON-ESM-LR,1908,0.40836613937875654,gs://cmip6/CMIP6/CMIP/MPI-M/ICON-ESM-LR/1pctCO2/r1i1p1f1/Amon/tas/gn/v20210215/
tas,1pctCO2,r1i1p1f1,ICON-ESM-LR,1909,0.4368301868005915,gs://cmip6/CMIP6/CMIP/MPI-M/ICON-ESM-LR/1pctCO2/r1i1p1f1/Amon/tas/gn/v20210215/
tas,1pctCO2,r1i1p1f1,ICON-ESM-LR,1910,0.5175253252508014,gs://cmip6/CMIP6/CMIP/MPI-M/ICON-ESM-LR/1pctCO2/r1i1p1f1/Amon/tas/gn/v20210215/
tas,1pctCO2,r1i1p1f1,ICON-ESM-LR,1911,0.6282066284548478,gs://cmip6/CMIP6/CMIP/MPI-M/ICON-ESM-LR/1pctCO2/r1i1p1f1/Amon/tas/gn/v20210215/
tas,1pctCO2,r1i1p1f1,ICON-ESM-LR,1912,0.601711839077268,gs://cmip6/CMIP6/CMIP/MPI-M/ICON-ESM-LR/1pctCO2/r1i1p1f1/Amon/tas/gn/v20210215/
tas,1pctCO2,r1i1p1f1,ICON-ESM-LR,1913,0.43636387001555477,gs://cmip6/CMIP6/CMIP/MPI-M/ICON-ESM-LR/1pctCO2/r1i1p1f1/Amon/tas/gn/v20210215/
tas,1pctCO2,r1i1p1f1,ICON-ESM-LR,1914,0.5640641739613557,gs://cmip6/CMIP6/CMIP/MPI-M/ICON-ESM-LR/1pctCO2/r1i1p1f1/Amon/tas/gn/v20210215/
tas,1pctCO2,r1i1p1f1,ICON-ESM-LR,1915,0.8634296201253733,gs://cmip6/CMIP6/CMIP/MPI-M/ICON-ESM-LR/1pctCO2/r1i1p1f1/Amon/tas/gn/v20210215/
tas,1pctCO2,r1i1p1f1,ICON-ESM-LR,1916,0.5942449352178869,gs://cmip6/CMIP6/CMIP/MPI-M/ICON-ESM-LR/1pctCO2/r1i1p1f1/Amon/tas/gn/v20210215/
tas,1pctCO2,r1i1p1f1,ICON-ESM-LR,1917,0.6616202011170458,gs://cmip6/CMIP6/CMIP/MPI-M/ICON-ESM-LR/1pctCO2/r1i1p1f1/Amon/tas/gn/v20210215/
tas,1pctCO2,r1i1p1f1,ICON-ESM-LR,1918,0.7937677297585992,gs://cmip6/CMIP6/CMIP/MPI-M/ICON-ESM-LR/1pctCO2/r1i1p1f1/Amon/tas/gn/v20210215/
tas,1pctCO2,r1i1p1f1,ICON-ESM-LR,1919,0.7814758060705458,gs://cmip6/CMIP6/CMIP/MPI-M/ICON-ESM-LR/1pctCO2/r1i1p1f1/Amon/tas/gn/v20210215/
tas,1pctCO2,r1i1p1f1,ICON-ESM-LR,1920,0.9289220222926247,gs://cmip6/CMIP6/CMIP/MPI-M/ICON-ESM-LR/1pctCO2/r1i1p1f1/Amon/tas/gn/v20210215/
tas,1pctCO2,r1i1p1f1,ICON-ESM-LR,1921,1.035116791971177,gs://cmip6/CMIP6/CMIP/MPI-M/ICON-ESM-LR/1pctCO2/r1i1p1f1/Amon/tas/gn/v20210215/
tas,1pctCO2,r1i1p1f1,ICON-ESM-LR,1922,1.0748339413942176,gs://cmip6/CMIP6/CMIP/MPI-M/ICON-ESM-LR/1pctCO2/r1i1p1f1/Amon/tas/gn/v20210215/
tas,1pctCO2,r1i1p1f1,ICON-ESM-LR,1923,1.1708271535315475,gs://cmip6/CMIP6/CMIP/MPI-M/ICON-ESM-LR/1pctCO2/r1i1p1f1/Amon/tas/gn/v20210215/
tas,1pctCO2,r1i1p1f1,ICON-ESM-LR,1924,1.2785637216348391,gs://cmip6/CMIP6/CMIP/MPI-M/ICON-ESM-LR/1pctCO2/r1i1p1f1/Amon/tas/gn/v20210215/
tas,1pctCO2,r1i1p1f1,ICON-ESM-LR,1925,1.2726633357830224,gs://cmip6/CMIP6/CMIP/MPI-M/ICON-ESM-LR/1pctCO2/r1i1p1f1/Amon/tas/gn/v20210215/
tas,1pctCO2,r1i1p1f1,ICON-ESM-LR,1926,1.1653918293183665,gs://cmip6/CMIP6/CMIP/MPI-M/ICON-ESM-LR/1pctCO2/r1i1p1f1/Amon/tas/gn/v20210215/
tas,1pctCO2,r1i1p1f1,ICON-ESM-LR,1927,1.2344011469826341,gs://cmip6/CMIP6/CMIP/MPI-M/ICON-ESM-LR/1pctCO2/r1i1p1f1/Amon/tas/gn/v20210215/
tas,1pctCO2,r1i1p1f1,ICON-ESM-LR,1928,1.276224678657968,gs://cmip6/CMIP6/CMIP/MPI-M/ICON-ESM-LR/1pctCO2/r1i1p1f1/Amon/tas/gn/v20210215/
tas,1pctCO2,r1i1p1f1,ICON-ESM-LR,1929,1.2872936865495035,gs://cmip6/CMIP6/CMIP/MPI-M/ICON-ESM-LR/1pctCO2/r1i1p1f1/Amon/tas/gn/v20210215/
tas,1pctCO2,r1i1p1f1,ICON-ESM-LR,1930,1.3039553414373586,gs://cmip6/CMIP6/CMIP/MPI-M/ICON-ESM-LR/1pctCO2/r1i1p1f1/Amon/tas/gn/v20210215/
tas,1pctCO2,r1i1p1f1,ICON-ESM-LR,1931,1.2259331176812225,gs://cmip6/CMIP6/CMIP/MPI-M/ICON-ESM-LR/1pctCO2/r1i1p1f1/Amon/tas/gn/v20210215/
tas,1pctCO2,r1i1p1f1,ICON-ESM-LR,1932,1.3162658131894887,gs://cmip6/CMIP6/CMIP/MPI-M/ICON-ESM-LR/1pctCO2/r1i1p1f1/Amon/tas/gn/v20210215/
tas,1pctCO2,r1i1p1f1,ICON-ESM-LR,1933,1.537709537242506,gs://cmip6/CMIP6/CMIP/MPI-M/ICON-ESM-LR/1pctCO2/r1i1p1f1/Amon/tas/gn/v20210215/
tas,1pctCO2,r1i1p1f1,ICON-ESM-LR,1934,1.6769555767736506,gs://cmip6/CMIP6/CMIP/MPI-M/ICON-ESM-LR/1pctCO2/r1i1p1f1/Amon/tas/gn/v20210215/
tas,1pctCO2,r1i1p1f1,ICON-ESM-LR,1935,1.4664765325979374,gs://cmip6/CMIP6/CMIP/MPI-M/ICON-ESM-LR/1pctCO2/r1i1p1f1/Amon/tas/gn/v20210215/
tas,1pctCO2,r1i1p1f1,ICON-ESM-LR,1936,1.3585276862375508,gs://cmip6/CMIP6/CMIP/MPI-M/ICON-ESM-LR/1pctCO2/r1i1p1f1/Amon/tas/gn/v20210215/
tas,1pctCO2,r1i1p1f1,ICON-ESM-LR,1937,1.3974226578361026,gs://cmip6/CMIP6/CMIP/MPI-M/ICON-ESM-LR/1pctCO2/r1i1p1f1/Amon/tas/gn/v20210215/
tas,1pctCO2,r1i1p1f1,ICON-ESM-LR,1938,1.388052684647107,gs://cmip6/CMIP6/CMIP/MPI-M/ICON-ESM-LR/1pctCO2/r1i1p1f1/Amon/tas/gn/v20210215/
tas,1pctCO2,r1i1p1f1,ICON-ESM-LR,1939,1.4952490832004628,gs://cmip6/CMIP6/CMIP/MPI-M/ICON-ESM-LR/1pctCO2/r1i1p1f1/Amon/tas/gn/v20210215/
tas,1pctCO2,r1i1p1f1,ICON-ESM-LR,1940,1.6188304366053785,gs://cmip6/CMIP6/CMIP/MPI-M/ICON-ESM-LR/1pctCO2/r1i1p1f1/Amon/tas/gn/v20210215/
tas,1pctCO2,r1i1p1f1,ICON-ESM-LR,1941,1.5524992328079747,gs://cmip6/CMIP6/CMIP/MPI-M/ICON-ESM-LR/1pctCO2/r1i1p1f1/Amon/tas/gn/v20210215/
tas,1pctCO2,r1i1p1f1,ICON-ESM-LR,1942,1.552622569236462,gs://cmip6/CMIP6/CMIP/MPI-M/ICON-ESM-LR/1pctCO2/r1i1p1f1/Amon/tas/gn/v20210215/
tas,1pctCO2,r1i1p1f1,ICON-ESM-LR,1943,1.796691846284773,gs://cmip6/CMIP6/CMIP/MPI-M/ICON-ESM-LR/1pctCO2/r1i1p1f1/Amon/tas/gn/v20210215/
tas,1pctCO2,r1i1p1f1,ICON-ESM-LR,1944,2.1440684583048437,gs://cmip6/CMIP6/CMIP/MPI-M/ICON-ESM-LR/1pctCO2/r1i1p1f1/Amon/tas/gn/v20210215/
tas,1pctCO2,r1i1p1f1,ICON-ESM-LR,1945,1.9737367219432258,gs://cmip6/CMIP6/CMIP/MPI-M/ICON-ESM-LR/1pctCO2/r1i1p1f1/Amon/tas/gn/v20210215/
tas,1pctCO2,r1i1p1f1,ICON-ESM-LR,1946,1.654142186084357,gs://cmip6/CMIP6/CMIP/MPI-M/ICON-ESM-LR/1pctCO2/r1i1p1f1/Amon/tas/gn/v20210215/
tas,1pctCO2,r1i1p1f1,ICON-ESM-LR,1947,1.663539651489259,gs://cmip6/CMIP6/CMIP/MPI-M/ICON-ESM-LR/1pctCO2/r1i1p1f1/Amon/tas/gn/v20210215/
tas,1pctCO2,r1i1p1f1,ICON-ESM-LR,1948,1.8105139785151323,gs://cmip6/CMIP6/CMIP/MPI-M/ICON-ESM-LR/1pctCO2/r1i1p1f1/Amon/tas/gn/v20210215/
tas,1pctCO2,r1i1p1f1,ICON-ESM-LR,1949,1.9158561154048925,gs://cmip6/CMIP6/CMIP/MPI-M/ICON-ESM-LR/1pctCO2/r1i1p1f1/Amon/tas/gn/v20210215/
tas,1pctCO2,r1i1p1f1,ICON-ESM-LR,1950,2.0550100678481726,gs://cmip6/CMIP6/CMIP/MPI-M/ICON-ESM-LR/1pctCO2/r1i1p1f1/Amon/tas/gn/v20210215/
tas,1pctCO2,r1i1p1f1,ICON-ESM-LR,1951,2.095573273184357,gs://cmip6/CMIP6/CMIP/MPI-M/ICON-ESM-LR/1pctCO2/r1i1p1f1/Amon/tas/gn/v20210215/
tas,1pctCO2,r1i1p1f1,ICON-ESM-LR,1952,1.9581889921440734,gs://cmip6/CMIP6/CMIP/MPI-M/ICON-ESM-LR/1pctCO2/r1i1p1f1/Amon/tas/gn/v20210215/
tas,1pctCO2,r1i1p1f1,ICON-ESM-LR,1953,2.112964224943596,gs://cmip6/CMIP6/CMIP/MPI-M/ICON-ESM-LR/1pctCO2/r1i1p1f1/Amon/tas/gn/v20210215/
tas,1pctCO2,r1i1p1f1,ICON-ESM-LR,1954,2.2633343206746304,gs://cmip6/CMIP6/CMIP/MPI-M/ICON-ESM-LR/1pctCO2/r1i1p1f1/Amon/tas/gn/v20210215/
tas,1pctCO2,r1i1p1f1,ICON-ESM-LR,1955,2.4187035754709427,gs://cmip6/CMIP6/CMIP/MPI-M/ICON-ESM-LR/1pctCO2/r1i1p1f1/Amon/tas/gn/v20210215/
tas,1pctCO2,r1i1p1f1,ICON-ESM-LR,1956,2.4400448021027046,gs://cmip6/CMIP6/CMIP/MPI-M/ICON-ESM-LR/1pctCO2/r1i1p1f1/Amon/tas/gn/v20210215/
tas,1pctCO2,r1i1p1f1,ICON-ESM-LR,1957,2.4663552457774927,gs://cmip6/CMIP6/CMIP/MPI-M/ICON-ESM-LR/1pctCO2/r1i1p1f1/Amon/tas/gn/v20210215/
tas,1pctCO2,r1i1p1f1,ICON-ESM-LR,1958,2.2792904957676114,gs://cmip6/CMIP6/CMIP/MPI-M/ICON-ESM-LR/1pctCO2/r1i1p1f1/Amon/tas/gn/v20210215/
tas,1pctCO2,r1i1p1f1,ICON-ESM-LR,1959,2.268930591712831,gs://cmip6/CMIP6/CMIP/MPI-M/ICON-ESM-LR/1pctCO2/r1i1p1f1/Amon/tas/gn/v20210215/
tas,1pctCO2,r1i1p1f1,ICON-ESM-LR,1960,2.4008678058505666,gs://cmip6/CMIP6/CMIP/MPI-M/ICON-ESM-LR/1pctCO2/r1i1p1f1/Amon/tas/gn/v20210215/
tas,1pctCO2,r1i1p1f1,ICON-ESM-LR,1961,2.5444209292697906,gs://cmip6/CMIP6/CMIP/MPI-M/ICON-ESM-LR/1pctCO2/r1i1p1f1/Amon/tas/gn/v20210215/
tas,1pctCO2,r1i1p1f1,ICON-ESM-LR,1962,2.5370429934783942,gs://cmip6/CMIP6/CMIP/MPI-M/ICON-ESM-LR/1pctCO2/r1i1p1f1/Amon/tas/gn/v20210215/
tas,1pctCO2,r1i1p1f1,ICON-ESM-LR,1963,2.668592221869744,gs://cmip6/CMIP6/CMIP/MPI-M/ICON-ESM-LR/1pctCO2/r1i1p1f1/Amon/tas/gn/v20210215/
tas,1pctCO2,r1i1p1f1,ICON-ESM-LR,1964,2.5983484010967572,gs://cmip6/CMIP6/CMIP/MPI-M/ICON-ESM-LR/1pctCO2/r1i1p1f1/Amon/tas/gn/v20210215/
tas,1pctCO2,r1i1p1f1,ICON-ESM-LR,1965,2.80262799104014,gs://cmip6/CMIP6/CMIP/MPI-M/ICON-ESM-LR/1pctCO2/r1i1p1f1/Amon/tas/gn/v20210215/
tas,1pctCO2,r1i1p1f1,ICON-ESM-LR,1966,2.6484206278120155,gs://cmip6/CMIP6/CMIP/MPI-M/ICON-ESM-LR/1pctCO2/r1i1p1f1/Amon/tas/gn/v20210215/
tas,1pctCO2,r1i1p1f1,ICON-ESM-LR,1967,2.6412378400218586,gs://cmip6/CMIP6/CMIP/MPI-M/ICON-ESM-LR/1pctCO2/r1i1p1f1/Amon/tas/gn/v20210215/
tas,1pctCO2,r1i1p1f1,ICON-ESM-LR,1968,2.8254930426729743,gs://cmip6/CMIP6/CMIP/MPI-M/ICON-ESM-LR/1pctCO2/r1i1p1f1/Amon/tas/gn/v20210215/
tas,1pctCO2,r1i1p1f1,ICON-ESM-LR,1969,2.993834810873352,gs://cmip6/CMIP6/CMIP/MPI-M/ICON-ESM-LR/1pctCO2/r1i1p1f1/Amon/tas/gn/v20210215/
tas,1pctCO2,r1i1p1f1,ICON-ESM-LR,1970,2.951621466745962,gs://cmip6/CMIP6/CMIP/MPI-M/ICON-ESM-LR/1pctCO2/r1i1p1f1/Amon/tas/gn/v20210215/
tas,1pctCO2,r1i1p1f1,ICON-ESM-LR,1971,2.9988402972171,gs://cmip6/CMIP6/CMIP/MPI-M/ICON-ESM-LR/1pctCO2/r1i1p1f1/Amon/tas/gn/v20210215/
tas,1pctCO2,r1i1p1f1,ICON-ESM-LR,1972,2.9939897709188585,gs://cmip6/CMIP6/CMIP/MPI-M/ICON-ESM-LR/1pctCO2/r1i1p1f1/Amon/tas/gn/v20210215/
tas,1pctCO2,r1i1p1f1,ICON-ESM-LR,1973,3.097701310705645,gs://cmip6/CMIP6/CMIP/MPI-M/ICON-ESM-LR/1pctCO2/r1i1p1f1/Amon/tas/gn/v20210215/
tas,1pctCO2,r1i1p1f1,ICON-ESM-LR,1974,3.237124113498453,gs://cmip6/CMIP6/CMIP/MPI-M/ICON-ESM-LR/1pctCO2/r1i1p1f1/Amon/tas/gn/v20210215/
tas,1pctCO2,r1i1p1f1,ICON-ESM-LR,1975,3.151994204054006,gs://cmip6/CMIP6/CMIP/MPI-M/ICON-ESM-LR/1pctCO2/r1i1p1f1/Amon/tas/gn/v20210215/
tas,1pctCO2,r1i1p1f1,ICON-ESM-LR,1976,3.0898078949959427,gs://cmip6/CMIP6/CMIP/MPI-M/ICON-ESM-LR/1pctCO2/r1i1p1f1/Amon/tas/gn/v20210215/
tas,1pctCO2,r1i1p1f1,ICON-ESM-LR,1977,2.984692755379399,gs://cmip6/CMIP6/CMIP/MPI-M/ICON-ESM-LR/1pctCO2/r1i1p1f1/Amon/tas/gn/v20210215/
tas,1pctCO2,r1i1p1f1,ICON-ESM-LR,1978,3.039150199269443,gs://cmip6/CMIP6/CMIP/MPI-M/ICON-ESM-LR/1pctCO2/r1i1p1f1/Amon/tas/gn/v20210215/
tas,1pctCO2,r1i1p1f1,ICON-ESM-LR,1979,3.221363339891468,gs://cmip6/CMIP6/CMIP/MPI-M/ICON-ESM-LR/1pctCO2/r1i1p1f1/Amon/tas/gn/v20210215/
tas,1pctCO2,r1i1p1f1,ICON-ESM-LR,1980,3.379345086962701,gs://cmip6/CMIP6/CMIP/MPI-M/ICON-ESM-LR/1pctCO2/r1i1p1f1/Amon/tas/gn/v20210215/
tas,1pctCO2,r1i1p1f1,ICON-ESM-LR,1981,3.3914274356265537,gs://cmip6/CMIP6/CMIP/MPI-M/ICON-ESM-LR/1pctCO2/r1i1p1f1/Amon/tas/gn/v20210215/
tas,1pctCO2,r1i1p1f1,ICON-ESM-LR,1982,3.5186070447494444,gs://cmip6/CMIP6/CMIP/MPI-M/ICON-ESM-LR/1pctCO2/r1i1p1f1/Amon/tas/gn/v20210215/
tas,1pctCO2,r1i1p1f1,ICON-ESM-LR,1983,3.4808358817475664,gs://cmip6/CMIP6/CMIP/MPI-M/ICON-ESM-LR/1pctCO2/r1i1p1f1/Amon/tas/gn/v20210215/
tas,1pctCO2,r1i1p1f1,ICON-ESM-LR,1984,3.2776425538884837,gs://cmip6/CMIP6/CMIP/MPI-M/ICON-ESM-LR/1pctCO2/r1i1p1f1/Amon/tas/gn/v20210215/
tas,1pctCO2,r1i1p1f1,ICON-ESM-LR,1985,3.271944419821807,gs://cmip6/CMIP6/CMIP/MPI-M/ICON-ESM-LR/1pctCO2/r1i1p1f1/Amon/tas/gn/v20210215/
tas,1pctCO2,r1i1p1f1,ICON-ESM-LR,1986,3.474742254157775,gs://cmip6/CMIP6/CMIP/MPI-M/ICON-ESM-LR/1pctCO2/r1i1p1f1/Amon/tas/gn/v20210215/
tas,1pctCO2,r1i1p1f1,ICON-ESM-LR,1987,3.5970212011266653,gs://cmip6/CMIP6/CMIP/MPI-M/ICON-ESM-LR/1pctCO2/r1i1p1f1/Amon/tas/gn/v20210215/
tas,1pctCO2,r1i1p1f1,ICON-ESM-LR,1988,3.6171177250203073,gs://cmip6/CMIP6/CMIP/MPI-M/ICON-ESM-LR/1pctCO2/r1i1p1f1/Amon/tas/gn/v20210215/
tas,1pctCO2,r1i1p1f1,ICON-ESM-LR,1989,3.5800370529153156,gs://cmip6/CMIP6/CMIP/MPI-M/ICON-ESM-LR/1pctCO2/r1i1p1f1/Amon/tas/gn/v20210215/
tas,1pctCO2,r1i1p1f1,ICON-ESM-LR,1990,3.824521883106854,gs://cmip6/CMIP6/CMIP/MPI-M/ICON-ESM-LR/1pctCO2/r1i1p1f1/Amon/tas/gn/v20210215/
tas,1pctCO2,r1i1p1f1,ICON-ESM-LR,1991,3.961319947465597,gs://cmip6/CMIP6/CMIP/MPI-M/ICON-ESM-LR/1pctCO2/r1i1p1f1/Amon/tas/gn/v20210215/
tas,1pctCO2,r1i1p1f1,ICON-ESM-LR,1992,3.68832324531337,gs://cmip6/CMIP6/CMIP/MPI-M/ICON-ESM-LR/1pctCO2/r1i1p1f1/Amon/tas/gn/v20210215/
tas,1pctCO2,r1i1p1f1,ICON-ESM-LR,1993,3.7204673832533786,gs://cmip6/CMIP6/CMIP/MPI-M/ICON-ESM-LR/1pctCO2/r1i1p1f1/Amon/tas/gn/v20210215/
tas,1pctCO2,r1i1p1f1,ICON-ESM-LR,1994,3.9310727738240416,gs://cmip6/CMIP6/CMIP/MPI-M/ICON-ESM-LR/1pctCO2/r1i1p1f1/Amon/tas/gn/v20210215/
tas,1pctCO2,r1i1p1f1,ICON-ESM-LR,1995,3.8302091892806516,gs://cmip6/CMIP6/CMIP/MPI-M/ICON-ESM-LR/1pctCO2/r1i1p1f1/Amon/tas/gn/v20210215/
tas,1pctCO2,r1i1p1f1,ICON-ESM-LR,1996,3.6335412791747785,gs://cmip6/CMIP6/CMIP/MPI-M/ICON-ESM-LR/1pctCO2/r1i1p1f1/Amon/tas/gn/v20210215/
tas,1pctCO2,r1i1p1f1,ICON-ESM-LR,1997,3.933736568665722,gs://cmip6/CMIP6/CMIP/MPI-M/ICON-ESM-LR/1pctCO2/r1i1p1f1/Amon/tas/gn/v20210215/
tas,1pctCO2,r1i1p1f1,ICON-ESM-LR,1998,4.1342047183541695,gs://cmip6/CMIP6/CMIP/MPI-M/ICON-ESM-LR/1pctCO2/r1i1p1f1/Amon/tas/gn/v20210215/
tas,1pctCO2,r1i1p1f1,ICON-ESM-LR,1999,3.9044551424451015,gs://cmip6/CMIP6/CMIP/MPI-M/ICON-ESM-LR/1pctCO2/r1i1p1f1/Amon/tas/gn/v20210215/
tas,1pctCO2,r1i1p1f1,ICON-ESM-LR,2000,3.842079990402624,gs://cmip6/CMIP6/CMIP/MPI-M/ICON-ESM-LR/1pctCO2/r1i1p1f1/Amon/tas/gn/v20210215/
tas,1pctCO2,r1i1p1f1,ICON-ESM-LR,2001,3.934123705457864,gs://cmip6/CMIP6/CMIP/MPI-M/ICON-ESM-LR/1pctCO2/r1i1p1f1/Amon/tas/gn/v20210215/
tas,1pctCO2,r1i1p1f1,ICON-ESM-LR,2002,4.122909263710085,gs://cmip6/CMIP6/CMIP/MPI-M/ICON-ESM-LR/1pctCO2/r1i1p1f1/Amon/tas/gn/v20210215/
tas,1pctCO2,r1i1p1f1,ICON-ESM-LR,2003,4.300381298059108,gs://cmip6/CMIP6/CMIP/MPI-M/ICON-ESM-LR/1pctCO2/r1i1p1f1/Amon/tas/gn/v20210215/
tas,1pctCO2,r1i1p1f1,ICON-ESM-LR,2004,4.67087740779931,gs://cmip6/CMIP6/CMIP/MPI-M/ICON-ESM-LR/1pctCO2/r1i1p1f1/Amon/tas/gn/v20210215/
tas,1pctCO2,r1i1p1f1,ICON-ESM-LR,2005,4.548168346038835,gs://cmip6/CMIP6/CMIP/MPI-M/ICON-ESM-LR/1pctCO2/r1i1p1f1/Amon/tas/gn/v20210215/
tas,1pctCO2,r1i1p1f1,ICON-ESM-LR,2006,4.488931015691435,gs://cmip6/CMIP6/CMIP/MPI-M/ICON-ESM-LR/1pctCO2/r1i1p1f1/Amon/tas/gn/v20210215/
tas,1pctCO2,r1i1p1f1,ICON-ESM-LR,2007,4.437662282196584,gs://cmip6/CMIP6/CMIP/MPI-M/ICON-ESM-LR/1pctCO2/r1i1p1f1/Amon/tas/gn/v20210215/
tas,1pctCO2,r1i1p1f1,ICON-ESM-LR,2008,4.409616769724835,gs://cmip6/CMIP6/CMIP/MPI-M/ICON-ESM-LR/1pctCO2/r1i1p1f1/Amon/tas/gn/v20210215/
tas,1pctCO2,r1i1p1f1,ICON-ESM-LR,2009,4.564298907548562,gs://cmip6/CMIP6/CMIP/MPI-M/ICON-ESM-LR/1pctCO2/r1i1p1f1/Amon/tas/gn/v20210215/
tas,1pctCO2,r1i1p1f1,ICON-ESM-LR,2010,4.65409755429306,gs://cmip6/CMIP6/CMIP/MPI-M/ICON-ESM-LR/1pctCO2/r1i1p1f1/Amon/tas/gn/v20210215/
tas,1pctCO2,r1i1p1f1,ICON-ESM-LR,2011,4.5292707003888495,gs://cmip6/CMIP6/CMIP/MPI-M/ICON-ESM-LR/1pctCO2/r1i1p1f1/Amon/tas/gn/v20210215/
tas,1pctCO2,r1i1p1f1,ICON-ESM-LR,2012,4.5689886896568055,gs://cmip6/CMIP6/CMIP/MPI-M/ICON-ESM-LR/1pctCO2/r1i1p1f1/Amon/tas/gn/v20210215/
tas,1pctCO2,r1i1p1f1,ICON-ESM-LR,2013,4.60131041267806,gs://cmip6/CMIP6/CMIP/MPI-M/ICON-ESM-LR/1pctCO2/r1i1p1f1/Amon/tas/gn/v20210215/
tas,1pctCO2,r1i1p1f1,ICON-ESM-LR,2014,4.590060382847355,gs://cmip6/CMIP6/CMIP/MPI-M/ICON-ESM-LR/1pctCO2/r1i1p1f1/Amon/tas/gn/v20210215/
tas,1pctCO2,r1i1p1f1,ICON-ESM-LR,2015,4.835684571615218,gs://cmip6/CMIP6/CMIP/MPI-M/ICON-ESM-LR/1pctCO2/r1i1p1f1/Amon/tas/gn/v20210215/
tas,1pctCO2,r1i1p1f1,ICON-ESM-LR,2016,5.003871420708094,gs://cmip6/CMIP6/CMIP/MPI-M/ICON-ESM-LR/1pctCO2/r1i1p1f1/Amon/tas/gn/v20210215/
tas,1pctCO2,r1i1p1f1,ICON-ESM-LR,2017,5.0638648913569,gs://cmip6/CMIP6/CMIP/MPI-M/ICON-ESM-LR/1pctCO2/r1i1p1f1/Amon/tas/gn/v20210215/
tas,1pctCO2,r1i1p1f1,ICON-ESM-LR,2018,4.876692576009759,gs://cmip6/CMIP6/CMIP/MPI-M/ICON-ESM-LR/1pctCO2/r1i1p1f1/Amon/tas/gn/v20210215/
tas,1pctCO2,r1i1p1f1,ICON-ESM-LR,2019,5.004948939350413,gs://cmip6/CMIP6/CMIP/MPI-M/ICON-ESM-LR/1pctCO2/r1i1p1f1/Amon/tas/gn/v20210215/
